{"cameraMode":{"drawMode":0,"name":"Shaded","section":"Shading Mode"},"sceneLighting":true,"audioPlay":false,"sceneViewState":{"showFog":true,"showMaterialUpdate":false,"showSkybox":true,"showFlares":true,"showImageEffects":true,"showParticleSystems":true},"in2DMode":false,"pivot":{"x":0.0869140625,"y":-0.3826019763946533,"z":11.223255157470704},"rotation":{"x":-0.2667044997215271,"y":-0.014170383103191853,"z":0.0039194440469145779,"w":-0.9636741280555725},"size":83.09188842773438,"orthographic":false}