{"cameraMode":{"drawMode":0,"name":"Shaded","section":"Shading Mode"},"sceneLighting":true,"audioPlay":false,"sceneViewState":{"showFog":true,"showMaterialUpdate":false,"showSkybox":true,"showFlares":true,"showImageEffects":true,"showParticleSystems":true},"in2DMode":false,"pivot":{"x":-11.188470840454102,"y":14.140535354614258,"z":123.16261291503906},"rotation":{"x":-0.09854515641927719,"y":-0.6910924911499023,"z":0.0959819033741951,"w":-0.7095720171928406},"size":158.92881774902345,"orthographic":false}