{"cameraMode":{"drawMode":0,"name":"Shaded","section":"Shading Mode"},"sceneLighting":false,"audioPlay":false,"sceneViewState":{"showFog":true,"showMaterialUpdate":false,"showSkybox":false,"showFlares":true,"showImageEffects":true,"showParticleSystems":true},"in2DMode":false,"pivot":{"x":38.886985778808597,"y":-45.73927688598633,"z":-48.641929626464847},"rotation":{"x":-0.005182198714464903,"y":0.9502525329589844,"z":-0.31121206283569338,"w":-0.015660712495446206},"size":163.82546997070313,"orthographic":false}