{"cameraMode":{"drawMode":0,"name":"Shaded","section":"Shading Mode"},"sceneLighting":false,"audioPlay":false,"sceneViewState":{"showFog":true,"showMaterialUpdate":false,"showSkybox":false,"showFlares":true,"showImageEffects":true,"showParticleSystems":true},"in2DMode":false,"pivot":{"x":3.426997184753418,"y":3.25606632232666,"z":6.987964630126953},"rotation":{"x":0.14601890742778779,"y":0.23500391840934754,"z":-0.03573155403137207,"w":0.9603069424629211},"size":9.102301597595215,"orthographic":true}