{"cameraMode":{"drawMode":0,"name":"Shaded","section":"Shading Mode"},"sceneLighting":false,"audioPlay":false,"sceneViewState":{"showFog":true,"showMaterialUpdate":false,"showSkybox":false,"showFlares":true,"showImageEffects":true,"showParticleSystems":true},"in2DMode":false,"pivot":{"x":-62.26000213623047,"y":0.9999882578849793,"z":67.55000305175781},"rotation":{"x":0.47472941875457766,"y":0.5248091220855713,"z":-0.48394718766212466,"w":0.5148392915725708},"size":467.9270935058594,"orthographic":false}