{"cameraMode":{"drawMode":0,"name":"Shaded","section":"Shading Mode"},"sceneLighting":false,"audioPlay":false,"sceneViewState":{"showFog":true,"showMaterialUpdate":false,"showSkybox":false,"showFlares":true,"showImageEffects":true,"showParticleSystems":true},"in2DMode":false,"pivot":{"x":18.73241424560547,"y":-4.686878204345703,"z":-1.6934280395507813},"rotation":{"x":-0.12361181527376175,"y":-0.8679460883140564,"z":0.40007030963897707,"w":-0.2675004303455353},"size":108.82898712158203,"orthographic":false}