{"cameraMode":{"drawMode":0,"name":"Shaded","section":"Shading Mode"},"sceneLighting":false,"audioPlay":false,"sceneViewState":{"showFog":true,"showMaterialUpdate":false,"showSkybox":false,"showFlares":true,"showImageEffects":true,"showParticleSystems":true},"in2DMode":false,"pivot":{"x":-5.412579536437988,"y":13.059680938720704,"z":-10.29381275177002},"rotation":{"x":-0.24775172770023347,"y":-0.4099719822406769,"z":0.11695540696382523,"w":-0.8700680136680603},"size":40.473506927490237,"orthographic":false}