{"cameraMode":{"drawMode":0,"name":"Shaded","section":"Shading Mode"},"sceneLighting":true,"audioPlay":false,"sceneViewState":{"showFog":true,"showMaterialUpdate":false,"showSkybox":true,"showFlares":true,"showImageEffects":true,"showParticleSystems":true},"in2DMode":false,"pivot":{"x":5.932328224182129,"y":-2.626708984375,"z":35.36170196533203},"rotation":{"x":0.30022433400154116,"y":-0.05290994420647621,"z":0.01666027121245861,"w":0.9522934556007385},"size":141.8663330078125,"orthographic":false}