{"cameraMode":{"drawMode":0,"name":"Shaded","section":"Shading Mode"},"sceneLighting":false,"audioPlay":false,"sceneViewState":{"showFog":true,"showMaterialUpdate":false,"showSkybox":false,"showFlares":true,"showImageEffects":true,"showParticleSystems":true},"in2DMode":false,"pivot":{"x":163.6999969482422,"y":0.0049991607666015629,"z":258.79998779296877},"rotation":{"x":-0.4660482704639435,"y":0.11087741702795029,"z":-0.05911627784371376,"w":-0.8758889436721802},"size":136.30966186523438,"orthographic":false}