{"cameraMode":{"drawMode":0,"name":"Shaded","section":"Shading Mode"},"sceneLighting":true,"audioPlay":false,"sceneViewState":{"showFog":true,"showMaterialUpdate":false,"showSkybox":true,"showFlares":true,"showImageEffects":true,"showParticleSystems":true},"in2DMode":false,"pivot":{"x":-12.564510345458985,"y":18.12929916381836,"z":1.8127763271331788},"rotation":{"x":0.06385483592748642,"y":0.0014970041811466218,"z":-0.00009575538570061326,"w":0.9979588389396668},"size":27.621007919311525,"orthographic":true}