{"cameraMode":{"drawMode":0,"name":"Shaded","section":"Shading Mode"},"sceneLighting":true,"audioPlay":false,"sceneViewState":{"showFog":true,"showMaterialUpdate":false,"showSkybox":true,"showFlares":true,"showImageEffects":true,"showParticleSystems":true},"in2DMode":false,"pivot":{"x":5.063078880310059,"y":-0.01336669921875,"z":36.989463806152347},"rotation":{"x":0.2327287346124649,"y":-0.014589833095669747,"z":0.003472377313300967,"w":0.9724641442298889},"size":19.354618072509767,"orthographic":false}