{"cameraMode":{"drawMode":0,"name":"Shaded","section":"Shading Mode"},"sceneLighting":true,"audioPlay":false,"sceneViewState":{"showFog":true,"showMaterialUpdate":false,"showSkybox":true,"showFlares":true,"showImageEffects":true,"showParticleSystems":true},"in2DMode":false,"pivot":{"x":-19.489534378051759,"y":10.20376205444336,"z":36.53732681274414},"rotation":{"x":-0.11058297753334046,"y":-0.7293813228607178,"z":0.12145160883665085,"w":-0.6641092896461487},"size":43.95694351196289,"orthographic":false}