{"cameraMode":{"drawMode":0,"name":"Shaded","section":"Shading Mode"},"sceneLighting":true,"audioPlay":false,"sceneViewState":{"showFog":true,"showMaterialUpdate":false,"showSkybox":true,"showFlares":true,"showImageEffects":true,"showParticleSystems":true},"in2DMode":false,"pivot":{"x":0.3820803165435791,"y":0.46659350395202639,"z":90.68380737304688},"rotation":{"x":-0.13505421578884126,"y":-0.16505683958530427,"z":0.022829091176390649,"w":-0.9767467975616455},"size":152.01739501953126,"orthographic":false}