{"cameraMode":{"drawMode":0,"name":"Shaded","section":"Shading Mode"},"sceneLighting":false,"audioPlay":false,"sceneViewState":{"showFog":true,"showMaterialUpdate":false,"showSkybox":false,"showFlares":true,"showImageEffects":true,"showParticleSystems":true},"in2DMode":false,"pivot":{"x":3.426997184753418,"y":3.25606632232666,"z":6.987964630126953},"rotation":{"x":0.1550084501504898,"y":0.29019638895988467,"z":-0.04769345000386238,"w":0.943132221698761},"size":3.878662109375,"orthographic":true}