{"cameraMode":{"drawMode":0,"name":"Shaded","section":"Shading Mode"},"sceneLighting":false,"audioPlay":false,"sceneViewState":{"showFog":true,"showMaterialUpdate":false,"showSkybox":false,"showFlares":true,"showImageEffects":true,"showParticleSystems":true},"in2DMode":false,"pivot":{"x":-40.61738967895508,"y":43.120361328125,"z":86.70861053466797},"rotation":{"x":-0.05629586800932884,"y":0.7282235026359558,"z":-0.6804434657096863,"w":-0.06017972156405449},"size":187.25930786132813,"orthographic":false}