{"cameraMode":{"drawMode":0,"name":"Shaded","section":"Shading Mode"},"sceneLighting":false,"audioPlay":false,"sceneViewState":{"showFog":true,"showMaterialUpdate":false,"showSkybox":false,"showFlares":true,"showImageEffects":true,"showParticleSystems":true},"in2DMode":false,"pivot":{"x":81.5999984741211,"y":0.004999995231628418,"z":170.3000030517578},"rotation":{"x":0.0018390965415164829,"y":0.9124951362609863,"z":-0.40913787484169009,"w":0.004110434092581272},"size":102.80322265625,"orthographic":false}